categoria,produto,preco,descricao,foto
BEBIDAS,AGUARDENTE CANINHA 51 ,"13,1",965ML | Pedido Mínimo: 3 un.,https://sostcomercial.agilecdn.com.br/11675_1.jpg
BEBIDAS,AGUARDENTE VELHO BARREIRO,"15,9",910ML | Pedido Mínimo: 3 un.,https://santaluzia.vtexassets.com/arquivos/ids/970775/520640.jpg?v=637385430025270000
GULOSEIMAS,BALA CHITA ABACAXI,10,500GR,https://images.tcdn.com.br/img/img_prod/670148/chita_abacaxi_600g_cory_2389_1_c9b5724bb1e2101e5482d5f5a8dbbd01.jpg
GULOSEIMAS,BALA CHITA SORTIDA ,10,500GR,https://cdn.awsli.com.br/265/265169/produto/15670884788bec66fc3.jpg
GULOSEIMAS,BALA ERLAN MAST SORTIDA,"7,5",500GR,https://encrypted-tbn0.gstatic.com/images?q=tbn:ANd9GcRCnHaVCgN7u_LMLadayw4TXg1XAkGYtpqJhkrlvQpwpWG-JAU26_-rsVI&s=10
GULOSEIMAS,BALA ICE KISS AZED MAST IOGURTE/MORANGO,10,500GR,https://distribuidoracampos.com.br/wp-content/uploads/2023/10/21184.png
GULOSEIMAS,BALA ICE KISS AZED MAST SORTIDA,10,500GR,https://manosdoces.vtexassets.com/arquivos/ids/3144457/Bala-Azedinha-Icekiss-Sortida.jpg?v=638711683095130000
GULOSEIMAS,BALA ICE KISS DURA GELADINHA MENTA,10,500GR,https://encrypted-tbn0.gstatic.com/images?q=tbn:ANd9GcTg6rBTbbKv2uF76dWgoFI8vD_VzO-zR3V0RMQJsgQyIw&s
GULOSEIMAS,BALA ICE KISS DURA GELADINHA CEREJA,10,500GR,https://encrypted-tbn0.gstatic.com/images?q=tbn:ANd9GcTf3fBml3A2G_jebw3kgzYvsM8-KH2oIdyoUfMobAlHhw&s=10
GULOSEIMAS,CHIC ARCOR POOSH HORTELA,"7,5",40 UN.,https://encrypted-tbn0.gstatic.com/images?q=tbn:ANd9GcQUy1WJ24a5B6ZgID90OlWmNWDEECWgWDxDgtXIxecBlg&s=10
GULOSEIMAS,CHIC ARCOR POOSH MORANGO,"7,5",40 UN.,https://encrypted-tbn0.gstatic.com/images?q=tbn:ANd9GcRm6WilY3jUZvp5BuGbcLke-vzSM-RK4YcAXIxozh3O5w&s=10
GULOSEIMAS,CHIC ARCOR POOSH TUTTI FRUTTI,"7,5",40 UN.,https://encrypted-tbn0.gstatic.com/images?q=tbn:ANd9GcT1YwvxmP9kYc1-iIta6hk54hxoeG9NaytbDdKuH0F0hA&s=10
GULOSEIMAS,CHIC ARCOR POOSH UVA,"7,5",40 UN.,https://encrypted-tbn0.gstatic.com/images?q=tbn:ANd9GcQnUbC5fhOhldQOMVeDwdaigercKhoQG7qg3y0zAPe87w&s=10
GULOSEIMAS,CHIC TRIDENT HORTELA,43,21 UN.,https://encrypted-tbn0.gstatic.com/images?q=tbn:ANd9GcQPNmB2tvWvoAlJr1pCEHJg76XTC5KizXDkhS0AAKoKPg&s=10
GULOSEIMAS,CHIC TRIDENT MELANCIA,43,21 UN.,https://encrypted-tbn0.gstatic.com/images?q=tbn:ANd9GcQrWE2RfMaIMbNdV4Q3eHHfDitZF9ijEQPeGNr34Btu0pLPaUfsq6-1i7gK&s=10
GULOSEIMAS,CHIC TRIDENT MENTA,43,21 UN.,https://images.tcdn.com.br/img/img_prod/1149067/trident_menta_verde_8g_caixa_com_21_unidades_refr_1_20250724153326_56a55185e52a.jpg
GULOSEIMAS,CHIC TRIDENT MORANGO,43,21 UN.,https://encrypted-tbn0.gstatic.com/images?q=tbn:ANd9GcR9a9J_zP2dR75nYVy1QPHH4DoBmw9xpmOL6zJ-TdrknqjU286myaoy-6k&s=10
GULOSEIMAS,CHIC TRIDENT TUTTI FRUTTI,43,21 UN.,https://encrypted-tbn0.gstatic.com/images?q=tbn:ANd9GcRbAdYfdsDS7b4U1zx7YLQPluCq8FS5epY29usyIVG9qA&s=10
GULOSEIMAS,CHOC CHOKITO PTO,85,30 UN.,https://encrypted-tbn0.gstatic.com/images?q=tbn:ANd9GcRDLn5sGy6LjgnJXRIIkhnkTNO8BUNy3N6MJA8TfgH_NQ&s
GULOSEIMAS,CHOC PRESTIGIO,85,30 UN.,https://down-br.img.susercontent.com/file/sg-11134201-22110-borm0yql5hkve6
GULOSEIMAS,CHOC BATON GAROTO PRETO,48,30 UN,https://http2.mlstatic.com/D_NQ_NP_655763-MLB49403745138_032022-O.webp
GULOSEIMAS,CHOC NESTLE KIT KAT,86,"24X41,5GR",https://images.tcdn.com.br/img/img_prod/987957/caixa_de_chocolate_kit_kat_ao_leite_24x415g_nestle_1_20260316174107_b0e89203a245.jpg
GULOSEIMAS,CHOC TRENTO AVELA,38,16X2X29GR,https://http2.mlstatic.com/D_NQ_NP_647462-MLB83799014410_042025-O.webp
GULOSEIMAS,CHOC TRENTO BRANCO,38,16X2X29GR,https://cdn.awsli.com.br/600x1000/1957/1957771/produto/109358117/trento-branco-dar-c16-5fwvwp1tor.png
GULOSEIMAS,CHOC TRENTO CHOCOLATE,38,16X2X29GR,https://images.tcdn.com.br/img/img_prod/1422948/180_choc_trento_chocolate_16x2x29gr_1_20251104154513_3649fe7dcf9d.jpg
GULOSEIMAS,CHOC TRENTO DUO,38,16X2X29GR,https://encrypted-tbn0.gstatic.com/images?q=tbn:ANd9GcS2mQ3ueHqoGocYtH7_BP2fxaWdJD6yMLBPULBPblZWlHHUAnEuMg607Dg&s=10
GULOSEIMAS,CHOC TRENTO MORANGO,38,16X2X29GR,https://manosdoces.vtexassets.com/arquivos/ids/3144201/TrentoMorangoDS.jpg?v=638653925391930000
GULOSEIMAS,CHOC TRENTO MOUSSE DE MARACUJA,38,16X2X29GR,https://http2.mlstatic.com/D_NQ_NP_737677-MLA80524441222_112024-O.webp
GULOSEIMAS,CHOC TRENTO TORTA DE LIMAO,38,16X2X29GR,https://http2.mlstatic.com/D_NQ_NP_675077-MLB94047034600_102025-O.webp
GULOSEIMAS,CHOC DIAMANTE NEGRO,46,20X20GR,https://static.comercialribeirao.com.br/produto/multifotos/20250824201721_8855991145_DM.png
GULOSEIMAS,CHOC LAKA BRANCO,46,20X20GR,https://images.tcdn.com.br/img/img_prod/808609/chocolate_branco_lacta_laka_20g_display_20_unidades_57680938_1_6a8d909d0988fb7e57fd34caf487efc2.jpg
BEBIDAS,CONHAQUE PRESIDENTE,"13,9",900ML | Pedido Mínimo: 3 un.,https://www.mrestoque.com.br/imagem/produto/id/4824/width/470/height/470/index/0?h=36345a867c609dd9227320818ac6e3abb2e90c50
GULOSEIMAS,DOCE PACOCA BAO KIDMINAS,27,C/100UN EMBR ROLHA CX,https://down-br.img.susercontent.com/file/br-11134207-81z1k-mgs2ryhsym0wec
GULOSEIMAS,DROPS HALLS CEREJA,"28,7",21X588GR,https://encrypted-tbn0.gstatic.com/images?q=tbn:ANd9GcTmtfypDagyPalg6N5dnlQyW69FTJyoO-F5r5yjpovsJZR3vPcsUKndTNDN&s=10
GULOSEIMAS,DROPS HALLS EXTRA FORTE,"28,7",21X588GR,https://encrypted-tbn0.gstatic.com/images?q=tbn:ANd9GcTE63JG-HakjF9Y5lxIJu82ttgN-YyeTnGSeCgLJQyLQzWB8fByT0qJcjKW&s=10
GULOSEIMAS,DROPS HALLS MELANCIA,"28,7",21X588GR,https://supernova.vteximg.com.br/arquivos/ids/164894-1000-1000/halls011.png?v=638564016053830000
GULOSEIMAS,DROPS HALLS MENTA,"28,7",21X588GR,https://encrypted-tbn0.gstatic.com/images?q=tbn:ANd9GcTO_I7SgiP16z9aNPqdmAyK-SL9G72Nh_WS9R9-Qawfsg&s
GULOSEIMAS,DROPS HALLS MORANGO,"28,7",21X588GR,https://encrypted-tbn0.gstatic.com/images?q=tbn:ANd9GcRm5_1oLvMXCEfGIuWlV8_Q4c9EmvHKu5rmNUn5Bz30OQ&s=10
GULOSEIMAS,DROPS HALLS UVA VERDE,"28,7",21X588GR,https://encrypted-tbn0.gstatic.com/images?q=tbn:ANd9GcRr6qnBq4l9dLn0b_aENUtdKuBpAtoj3Wao8AsbAF-oAQ&s=10
GULOSEIMAS,DROPS MENTOS FRUTAS SORTIDAS,"35,98",16X600GR,https://down-br.img.susercontent.com/file/br-11134207-81z1k-mhhqj0gku41y61
GULOSEIMAS,DROPS MENTOS MINT,"35,98",16X600GR,https://encrypted-tbn0.gstatic.com/images?q=tbn:ANd9GcR6_vNuwr_Be5iZqjbKxxyobYFK_mAlhu6EYgkRJ0cq-g&s
GULOSEIMAS,DROPS MENTOS TUTTI FRUTTI,"35,98",16X600GR,https://down-br.img.susercontent.com/file/br-11134207-7r98o-m4er5opaxoap83
DIVERSOS,ISQUEIRO BIC CHAMA GRANDE,53,12 UN.,https://encrypted-tbn0.gstatic.com/images?q=tbn:ANd9GcQsbXsKIK0OAY1paUK8AzYn7HxQY5XhEfwIz0tgmye48A&s=10
DIVERSOS,ISQUEIRO BIC CHAMA PEQUENA,"38,9",12 UN.,https://encrypted-tbn0.gstatic.com/images?q=tbn:ANd9GcSqgJNclhwhJ4k3hvBQCbQukodItswY86kMHZK5rOfBJA&s=10
DIVERSOS,ISQUEIRO CRICKET MINI CLASSIC CARTELA,"29,9",10 UN.,https://encrypted-tbn0.gstatic.com/images?q=tbn:ANd9GcTUBIGoTMFELiP4KJ7gWttKjNz-doKLzREtax9AAvIKOw&s
GULOSEIMAS,PIRULITO BIG BIG MORANGO C/CHICLETE,12,500G C/50,https://images.tcdn.com.br/img/img_prod/1298163/pirulito_com_recheio_de_chicle_big_big_500g_arcor_morango_1153_1_1d75cba76a8047a2929d2056eb1a0dc9.png
GULOSEIMAS,PIRULITO BIG BIG TUTTI FRUTT C/CHICLETE,12,500G C/50,https://encrypted-tbn0.gstatic.com/images?q=tbn:ANd9GcQP67NNhcBqjmaXnRVhiGaoOzTOMkOCrMLtMRbIzGO7KQ&s=10
GULOSEIMAS,BALA BUTTER TOFFE TORTA MOUSSE MARACUJA                                ,"18,9",400GR,https://images.tcdn.com.br/img/img_prod/1176430/bala_butter_toffees_mousse_de_maracuj_400g_arcor_1_20250818110254_d50c87dcb848.png
GULOSEIMAS,BALA BUTTER TOFFE LEITE        ,"18,9",400GR,https://encrypted-tbn0.gstatic.com/images?q=tbn:ANd9GcRC2dALL-iF7J5pAye2G699x4rPfyIqHvvhICOCGXCrqQ&s=10
GULOSEIMAS,BALA BUTTER TOFFE CHOCOLATE                 ,"18,9",400GR,https://encrypted-tbn0.gstatic.com/images?q=tbn:ANd9GcQr98ARSEgtmfQ12lDTSPeVyt7rEdaFu5BhDM32Y-DaiA&s=10
BEBIDAS,RUM BACARDI CARTA OURO,"51,7",980ML | Pedido Mínimo: 3 un.,https://encrypted-tbn0.gstatic.com/images?q=tbn:ANd9GcT3bkY6GQFjPnl-4oB8ryrVmUz_LVZEOoO5sZWfFl0IRA&s=10
BEBIDAS,RUM MONTILLA CARTA OURO,"29,9",1L | Pedido Mínimo: 3 un.,https://encrypted-tbn0.gstatic.com/images?q=tbn:ANd9GcRyFXyrUk0--hErGb6BD2wQCuZa5iK0uBkRgiHqYmu0FXyYqe77xG_ZhhDD&s=10
BEBIDAS,VINHO CANCAO TINTO SUAVE,"12,9",750ML | Pedido Mínimo: 3 un.,https://cdn.awsli.com.br/600x700/1775/1775051/produto/210231987/7896780900196-vcfldw.jpg
BEBIDAS,VINHO PERGOLA BRANCO SUAVE,"23,9",1L | Pedido Mínimo: 3 un.,https://www.arenaatacado.com.br/on/demandware.static/-/Sites-storefront-catalog-sv/default/dw92291b98/Produtos/1024310-7896855901431-vinho%20nacional%20pergola%20branco%20suave%201l-pergola-1.jpg
BEBIDAS,VINHO PERGOLA  TINTO SUAVE,"24,9",1L | Pedido Mínimo: 3 un.,https://www.imigrantesbebidas.com.br/bebida/images/products/full/7633-vinho-pergola-tinto-suave-1l.jpg
BEBIDAS,VINHO CANTINA DA SERRA TINTO SV,"13,15","1,5L | Pedido Mínimo: 3 un.",https://encrypted-tbn0.gstatic.com/images?q=tbn:ANd9GcSaZfhOBcMCEXD4HQyVJd_BkJNAjhY76ppBt5rxOIbV4g&s=10